,Duration,Average_Pulse,Max_Pulse,Calorie_Burnage,Hours_Work
count,163.0,163.0,163.0,163.0,163.0
mean,64.263804,107.723926,134.226994,382.368098,4.386503
std,42.99452,14.625062,16.403967,274.227106,3.923772
min,15.0,80.0,100.0,50.0,0.0
25%,45.0,100.0,124.0,256.5,0.0
50%,60.0,105.0,131.0,320.0,5.0
75%,60.0,111.0,141.0,388.5,8.0
max,300.0,159.0,184.0,1860.0,11.0
